{"cameraMode":{"drawMode":0,"name":"Shaded","section":"Shading Mode"},"sceneLighting":true,"audioPlay":false,"sceneViewState":{"m_AlwaysRefresh":true,"showFog":true,"showSkybox":true,"showFlares":true,"showImageEffects":true,"showParticleSystems":true,"showVisualEffectGraphs":true,"m_FxEnabled":true},"in2DMode":false,"pivot":{"x":1602.682373046875,"y":1007.7186279296875,"z":-122.47606658935547},"rotation":{"x":0.08894158154726029,"y":-0.4288153648376465,"z":0.04060804843902588,"w":0.8993390202522278},"size":69.83717346191406,"orthographic":false}