{"cameraMode":{"drawMode":0,"name":"Shaded","section":"Shading Mode"},"sceneLighting":true,"audioPlay":false,"sceneViewState":{"m_AlwaysRefresh":true,"showFog":true,"showSkybox":true,"showFlares":true,"showImageEffects":true,"showParticleSystems":true,"showVisualEffectGraphs":true,"m_FxEnabled":true},"in2DMode":false,"pivot":{"x":48.90657424926758,"y":3.1646411418914797,"z":-20.935422897338868},"rotation":{"x":0.016816383227705957,"y":-0.9787245988845825,"z":0.19950422644615174,"w":0.06614966690540314},"size":0.8660253882408142,"orthographic":false}