{"cameraMode":{"drawMode":0,"name":"Shaded","section":"Shading Mode"},"sceneLighting":true,"audioPlay":false,"sceneViewState":{"m_AlwaysRefresh":true,"showFog":true,"showSkybox":true,"showFlares":true,"showImageEffects":true,"showParticleSystems":true,"showVisualEffectGraphs":true,"m_FxEnabled":true},"in2DMode":false,"pivot":{"x":32.000267028808597,"y":2.5265486240386965,"z":-8.16572093963623},"rotation":{"x":-0.009547562338411808,"y":-0.9563742876052856,"z":-0.0312788225710392,"w":0.29220375418663027},"size":1.1970224380493165,"orthographic":false}