{"cameraMode":{"drawMode":0,"name":"Shaded","section":"Shading Mode"},"sceneLighting":true,"audioPlay":false,"sceneViewState":{"m_AlwaysRefresh":true,"showFog":true,"showSkybox":true,"showFlares":true,"showImageEffects":true,"showParticleSystems":true,"showVisualEffectGraphs":true,"m_FxEnabled":true},"in2DMode":false,"pivot":{"x":61.994544982910159,"y":-5.867160320281982,"z":-17.07461929321289},"rotation":{"x":0.07117173820734024,"y":0.8253105878829956,"z":-0.11302307993173599,"w":0.5501931309700012},"size":16.919023513793947,"orthographic":false}