{"cameraMode":{"drawMode":0,"name":"Shaded","section":"Shading Mode"},"sceneLighting":true,"audioPlay":false,"sceneViewState":{"m_AlwaysRefresh":true,"showFog":true,"showSkybox":true,"showFlares":true,"showImageEffects":true,"showParticleSystems":true,"showVisualEffectGraphs":true,"m_FxEnabled":true},"in2DMode":false,"pivot":{"x":48.57763671875,"y":-1.9008419513702393,"z":-44.50771713256836},"rotation":{"x":0.0007595360511913896,"y":-0.9962889552116394,"z":0.09775421768426895,"w":0.008536902256309986},"size":12.12435531616211,"orthographic":false}