{"cameraMode":{"drawMode":0,"name":"Shaded","section":"Shading Mode"},"sceneLighting":true,"audioPlay":false,"sceneViewState":{"m_AlwaysRefresh":true,"showFog":true,"showSkybox":true,"showFlares":true,"showImageEffects":true,"showParticleSystems":true,"showVisualEffectGraphs":true,"m_FxEnabled":true},"in2DMode":false,"pivot":{"x":33.97924041748047,"y":1.1193876266479493,"z":-1.8939464092254639},"rotation":{"x":0.036229025572538379,"y":-0.09339594841003418,"z":0.002725372090935707,"w":0.995693564414978},"size":1.1818746328353882,"orthographic":false}