{"cameraMode":{"drawMode":0,"name":"Shaded","section":"Shading Mode"},"sceneLighting":true,"audioPlay":false,"sceneViewState":{"m_AlwaysRefresh":true,"showFog":true,"showSkybox":true,"showFlares":true,"showImageEffects":true,"showParticleSystems":true,"showVisualEffectGraphs":true,"m_FxEnabled":true},"in2DMode":false,"pivot":{"x":0.2643545866012573,"y":-0.01309293508529663,"z":-4.621616363525391},"rotation":{"x":-0.07116089016199112,"y":-0.6116036176681519,"z":0.05541190877556801,"w":-0.7860699892044067},"size":0.8660253882408142,"orthographic":false}