{"cameraMode":{"drawMode":0,"name":"Shaded","section":"Shading Mode"},"sceneLighting":false,"audioPlay":false,"sceneViewState":{"m_AlwaysRefresh":true,"showFog":true,"showSkybox":false,"showFlares":true,"showImageEffects":true,"showParticleSystems":true,"showVisualEffectGraphs":true,"m_FxEnabled":true},"in2DMode":false,"pivot":{"x":13.250312805175782,"y":-17.792041778564454,"z":31.037845611572267},"rotation":{"x":0.28643497824668887,"y":-0.5427106618881226,"z":0.2033940553665161,"w":0.7634583115577698},"size":39.575496673583987,"orthographic":false}