{"cameraMode":{"drawMode":0,"name":"Shaded","section":"Shading Mode"},"sceneLighting":false,"audioPlay":false,"sceneViewState":{"m_AlwaysRefresh":true,"showFog":true,"showSkybox":false,"showFlares":true,"showImageEffects":true,"showParticleSystems":true,"showVisualEffectGraphs":true,"m_FxEnabled":true},"in2DMode":false,"pivot":{"x":44.52846908569336,"y":2.1466097831726076,"z":0.5482484102249146},"rotation":{"x":-0.00901106372475624,"y":0.8323618173599243,"z":0.013452385552227497,"w":0.5541349649429321},"size":0.6500937938690186,"orthographic":false}